{"cameraMode":{"drawMode":0,"name":"Shaded","section":"Shading Mode"},"sceneLighting":false,"audioPlay":false,"sceneViewState":{"showFog":true,"showMaterialUpdate":false,"showSkybox":true,"showFlares":true,"showImageEffects":false,"showParticleSystems":true},"in2DMode":false,"pivot":{"x":1.9683074951171876,"y":134.23265075683595,"z":1365.037841796875},"rotation":{"x":-0.03479049354791641,"y":-0.02638383023440838,"z":0.0009187473333440721,"w":-0.9990465044975281},"size":2857.8837890625,"orthographic":false}