{"cameraMode":{"drawMode":0,"name":"Shaded","section":"Shading Mode"},"sceneLighting":false,"audioPlay":false,"sceneViewState":{"showFog":true,"showMaterialUpdate":false,"showSkybox":true,"showFlares":true,"showImageEffects":true,"showParticleSystems":true},"in2DMode":false,"pivot":{"x":1588.4033203125,"y":207.6789093017578,"z":-802.3467407226563},"rotation":{"x":-0.24815663695335389,"y":0.249944269657135,"z":-0.06643956899642945,"w":-0.9335598349571228},"size":1148.8089599609375,"orthographic":false}